word,tfidf_sum
just,1457.0775944462703
like,1169.5402114877977
feel,1161.4402719746067
want,927.9131162489854
know,858.9059895572026
can,820.3765890821383
life,814.785492364967
don,765.8189339213728
get,744.0577623008141
even,694.5151887464308
people,685.4048196647045
really,678.3234352781527
now,649.6636804473096
time,631.1080889596948
one,585.5472001067285
depression,556.5067540128725
friends,530.2021030778526
think,524.0972509441957
never,512.4775803978877
will,507.2145709413285
