word,tfidf_sum
just,1372.838007435845
but,1357.1616526039818
like,1100.9658228412595
feel,1095.2847646598568
not,883.7367453366383
want,873.0513672078237
all,815.6145408644243
know,803.7482071814147
can,773.640344448098
life,769.1053112824947
about,765.1796250142363
myself,749.7438305511621
don,726.1820381352327
because,705.6197148666838
get,698.8403661927746
been,687.1820563578968
out,655.4573889395549
even,652.6319560173664
people,646.0351033475563
how,640.9161993090967
